{"cameraMode":{"drawMode":0,"name":"Shaded","section":"Shading Mode"},"sceneLighting":true,"audioPlay":false,"sceneViewState":{"m_AlwaysRefresh":false,"showFog":true,"showSkybox":true,"showFlares":true,"showImageEffects":true,"showParticleSystems":true,"showVisualEffectGraphs":true,"m_FxEnabled":true},"in2DMode":false,"pivot":{"x":3.379202365875244,"y":2.285287380218506,"z":0.008138656616210938},"rotation":{"x":0.46774810552597048,"y":-0.27044999599456789,"z":0.1528809815645218,"w":0.8274599313735962},"size":1.0440510511398316,"orthographic":true}